<beans xmlns="http://www.springframework.org/schema/beans"
	xmlns:context="http://www.springframework.org/schema/context"
	 xmlns:tx="http://www.springframework.org/schema/tx"
	xmlns:aop="http://www.springframework.org/schema/aop" 
	xmlns:xsi="http://www.w3.org/2001/XMLSchema-instance"
	xsi:schemaLocation="
   http://www.springframework.org/schema/beans     
   http://www.springframework.org/schema/beans/spring-beans-4.3.xsd
   http://www.springframework.org/schema/context 
   http://www.springframework.org/schema/context/spring-context-4.3.xsd">
   
   <bean id= "address" class= "com.cg.project.beans.Address">
    <constructor-arg name="city" value ="Hyderabad"></constructor-arg>
    <constructor-arg name="state" value ="telangana"></constructor-arg>
    <constructor-arg name="country" value ="India"></constructor-arg>
    <constructor-arg name="pincode" value ="507117"></constructor-arg>
</bean>
	<bean id = "associate" class= "com.cg.project.beans.Associate" scope = "prototype">
	  <constructor-arg name="associateId" value ="95350"></constructor-arg>
	  <constructor-arg name="firstName" value ="Sushma"></constructor-arg>
	  <constructor-arg name="lastName" value ="bekkam"></constructor-arg>
	<constructor-arg name="address" ref ="address"></constructor-arg>
</bean>
</beans>